,mean,sd,eti89_lb,eti89_ub,ess_bulk,ess_tail,r_hat,mcse_mean,mcse_sd
theta[0],0.43,0.23,0.07,0.79,533,970,1.01,0.0099,0.0067
theta[1],0.22,0.23,-0.15,0.59,499,899,1.01,0.01,0.0072
theta[2],-2.56,0.27,-3,-2.1,506,824,1.00,0.012,0.0085
theta[3],-2.6,0.27,-3,-2.2,507,831,1.00,0.012,0.0086
theta[4],-4.96,0.39,-5.6,-4.4,817,1394,1.00,0.014,0.0098
theta[5],-2.29,0.27,-2.7,-1.9,544,1000,1.00,0.012,0.0084
a[0],0.856,0.273,0.48,1.4,3497,3031,1.00,0.0046,0.004
a[1],2.35,0.91,1.2,4,3894,2732,1.00,0.015,0.018
a[2],2.37,0.94,1.2,4.1,3510,2974,1.00,0.016,0.017
a[3],2.37,0.96,1.2,4.1,4423,3114,1.00,0.015,0.018
a[4],1.19,0.46,0.62,2,3984,2856,1.00,0.0075,0.01
a[5],2.38,0.96,1.2,4.1,3887,2949,1.00,0.016,0.017
a[6],2.33,0.88,1.2,3.9,4434,3069,1.00,0.013,0.014
a[7],1.78,0.63,0.94,2.9,3736,2627,1.00,0.01,0.0098
a[8],1.57,0.71,0.74,2.8,4064,3132,1.00,0.011,0.014
a[9],1.27,0.49,0.66,2.1,3331,2835,1.00,0.0085,0.0091
a[10],0.406,0.129,0.22,0.63,3286,2341,1.00,0.0022,0.0018
a[11],0.843,0.26,0.48,1.3,3057,2323,1.00,0.0045,0.0043
a[12],1.27,0.58,0.61,2.4,2400,2262,1.00,0.012,0.014
a[13],0.85,0.29,0.48,1.4,3153,3094,1.00,0.005,0.0051
a[14],1.23,0.4,0.68,1.9,3725,2762,1.00,0.0063,0.0053
a[15],1.16,0.49,0.58,2,3018,2860,1.00,0.0092,0.011
a[16],1.58,0.73,0.73,2.9,4824,3228,1.00,0.012,0.016
a[17],1.56,0.71,0.74,2.8,3669,2947,1.00,0.013,0.02
a[18],1.57,0.71,0.75,2.9,4248,2960,1.00,0.012,0.016
a[19],1.25,0.53,0.63,2.2,3361,2981,1.00,0.0092,0.014
a[20],0.86,0.281,0.48,1.4,3041,2676,1.00,0.005,0.0046
a[21],1.2,0.44,0.65,2,3338,2907,1.00,0.0077,0.01
a[22],1.53,0.55,0.85,2.5,3836,3298,1.00,0.0091,0.011
a[23],0.753,0.244,0.42,1.2,2773,2364,1.00,0.0043,0.004
a[24],1.72,0.69,0.9,2.9,3177,2639,1.00,0.013,0.019
a[25],1.24,0.54,0.6,2.2,2911,2674,1.00,0.0097,0.011
a[26],1.44,0.57,0.73,2.5,3387,2620,1.00,0.01,0.011
a[27],1.86,0.63,1,3,5004,3033,1.00,0.0093,0.0094
a[28],1.64,0.68,0.82,2.8,3251,2782,1.00,0.013,0.017
a[29],1.3,0.58,0.64,2.4,3517,3123,1.00,0.0098,0.013
a[30],0.685,0.212,0.4,1.1,3451,2984,1.00,0.0035,0.0036
a[31],1.3,0.57,0.63,2.3,3234,3004,1.00,0.0099,0.013
a[32],1.55,0.71,0.74,2.7,3801,2994,1.00,0.014,0.03
a[33],1.55,0.56,0.84,2.5,3467,2731,1.00,0.01,0.012
a[34],1.19,0.49,0.6,2.1,3240,2632,1.00,0.0085,0.011
a[35],1.3,0.382,0.75,2,3635,2380,1.00,0.0061,0.0049
a[36],1.48,0.59,0.77,2.5,3550,2948,1.00,0.011,0.013
a[37],0.83,0.278,0.46,1.3,2826,2698,1.00,0.0051,0.0049
a[38],0.85,0.289,0.47,1.4,2849,2728,1.00,0.0053,0.0046
a[39],1.17,0.49,0.58,2.1,3560,2992,1.00,0.008,0.0089
a[40],1.25,0.51,0.63,2.2,3066,2556,1.00,0.0088,0.0098
a[41],0.854,0.28,0.49,1.4,3450,3121,1.00,0.0048,0.005
a[42],1.55,0.6,0.8,2.6,3701,2819,1.00,0.0099,0.012
a[43],1.29,0.55,0.65,2.3,3174,3052,1.00,0.0098,0.013
a[44],1.2,0.37,0.69,1.8,3427,2662,1.00,0.0061,0.0053
a[45],1.95,0.71,1.1,3.2,4511,3134,1.00,0.011,0.012
a[46],1.4,0.62,0.66,2.6,2477,2443,1.00,0.012,0.014
a[47],1.87,0.64,1,3,4018,2810,1.00,0.0098,0.011
a[48],1.61,0.67,0.81,2.8,2829,2270,1.00,0.013,0.016
a[49],1.55,0.69,0.75,2.8,3462,2867,1.00,0.013,0.015
a[50],1.31,0.56,0.65,2.3,2641,2812,1.00,0.011,0.013
a[51],1.3,0.55,0.64,2.3,3727,3375,1.00,0.0093,0.011
a[52],1.56,0.7,0.75,2.8,4431,3164,1.00,0.011,0.013
a[53],1.51,0.46,0.86,2.3,3911,2642,1.00,0.0074,0.0063
a[54],1.25,0.52,0.62,2.2,2611,2875,1.00,0.01,0.011
a[55],1.98,0.69,1.1,3.1,4221,3066,1.00,0.011,0.014
a[56],0.593,0.193,0.33,0.93,3930,2785,1.00,0.003,0.0024
a[57],1.56,0.71,0.74,2.8,4050,3424,1.00,0.012,0.014
a[58],1.28,0.55,0.63,2.3,3532,2822,1.00,0.0092,0.013
a[59],1.56,0.71,0.75,2.8,3621,2746,1.00,0.013,0.019
a[60],1.25,0.52,0.62,2.2,3306,3053,1.00,0.0091,0.01
a[61],1.55,0.68,0.74,2.8,3935,3183,1.00,0.011,0.012
a[62],1.27,0.55,0.63,2.3,3271,3031,1.00,0.0098,0.011
a[63],1.56,0.71,0.74,2.8,4294,2937,1.00,0.011,0.017
a[64],1.48,0.54,0.8,2.4,4270,3040,1.00,0.0084,0.012
a[65],1.23,0.53,0.61,2.2,3225,2913,1.00,0.009,0.012
a[66],1.87,0.63,1,2.9,3635,2907,1.00,0.011,0.013
a[67],0.92,0.314,0.5,1.5,3329,2892,1.00,0.0054,0.0049
a[68],1.05,0.34,0.57,1.7,2887,2236,1.00,0.0061,0.0051
a[69],0.98,0.296,0.56,1.5,3150,2270,1.00,0.005,0.004
a[70],1.55,0.67,0.76,2.8,3541,2704,1.00,0.012,0.014
a[71],1.17,0.48,0.59,2,3196,2562,1.00,0.0086,0.0099
a[72],1.38,0.55,0.69,2.4,3176,2777,1.00,0.0095,0.011
a[73],0.504,0.16,0.28,0.77,3033,2158,1.00,0.0028,0.0024
a[74],1.27,0.51,0.63,2.2,3496,2651,1.00,0.0082,0.01
a[75],1.36,0.62,0.64,2.5,2880,2431,1.00,0.011,0.015
a[76],1.57,0.73,0.73,2.9,3788,2826,1.00,0.013,0.016
a[77],0.546,0.168,0.32,0.83,2810,2379,1.00,0.003,0.0027
a[78],1.31,0.38,0.76,2,3755,2311,1.00,0.0061,0.005
a[79],0.863,0.29,0.47,1.4,3384,2914,1.00,0.0048,0.0042
a[80],1.2,0.52,0.6,2.1,2296,2199,1.00,0.0099,0.014
a[81],1.03,0.34,0.57,1.6,3373,2738,1.00,0.0056,0.0056
a[82],0.829,0.254,0.46,1.3,3321,2582,1.00,0.0042,0.0033
a[83],1.38,0.54,0.71,2.3,3545,2788,1.00,0.0091,0.011
a[84],0.84,0.28,0.47,1.4,2463,2562,1.00,0.0055,0.0054
a[85],0.589,0.18,0.34,0.9,3194,2827,1.00,0.0031,0.0025
a[86],1.16,0.49,0.57,2,2368,2047,1.00,0.0095,0.012
a[87],1.34,0.51,0.69,2.2,3727,3302,1.00,0.0083,0.009
a[88],1.56,0.72,0.74,2.9,4512,3342,1.00,0.012,0.016
a[89],1.3,0.57,0.63,2.3,2627,2809,1.00,0.011,0.014
a[90],1.19,0.5,0.58,2.1,2676,2246,1.00,0.0092,0.01
a[91],1.57,0.73,0.73,2.9,4247,3080,1.00,0.012,0.016
a[92],1.23,0.54,0.61,2.2,2884,2849,1.00,0.0094,0.015
a[93],1.17,0.48,0.59,2.1,2477,2790,1.00,0.0093,0.011
b[0],2.66,1.04,1.2,4.4,3321,2849,1.00,0.019,0.014
b[1],-3.87,0.5,-4.7,-3.1,1323,1932,1.00,0.014,0.01
b[2],-3.88,0.51,-4.7,-3.1,1217,1913,1.00,0.015,0.011
b[3],-3.87,0.5,-4.7,-3.1,1148,1801,1.00,0.015,0.011
b[4],-2.5,0.5,-3.3,-1.7,1227,1842,1.00,0.014,0.011
b[5],-3.87,0.5,-4.7,-3.1,1395,1935,1.00,0.013,0.01
b[6],-3.88,0.5,-4.7,-3.1,1069,1880,1.00,0.015,0.012
b[7],-3.66,0.5,-4.5,-2.9,1229,1743,1.00,0.014,0.011
b[8],2.98,1.14,1.4,5,3200,2308,1.00,0.021,0.016
b[9],-2.9,0.5,-3.7,-2.1,1283,2033,1.00,0.014,0.011
b[10],-0.55,1.01,-2,1.1,2900,2140,1.00,0.02,0.018
b[11],-3.74,0.67,-4.8,-2.7,2074,2494,1.00,0.015,0.011
b[12],1.67,0.9,0.52,3.3,2160,1861,1.00,0.021,0.021
b[13],2.72,1.09,1.2,4.6,3027,2668,1.00,0.021,0.015
b[14],-0.51,0.55,-1.4,0.4,1569,2058,1.00,0.014,0.012
b[15],1.74,0.88,0.55,3.3,2184,2310,1.00,0.02,0.015
b[16],2.98,1.16,1.4,5,3461,2620,1.00,0.021,0.017
b[17],3,1.17,1.4,5,3146,2322,1.00,0.022,0.017
b[18],2.96,1.12,1.4,4.9,3192,2533,1.00,0.021,0.016
b[19],2.18,0.94,0.87,3.8,2900,2572,1.00,0.018,0.015
b[20],2.09,0.97,0.72,3.8,2937,2302,1.00,0.019,0.015
b[21],-2.31,0.5,-3.1,-1.5,1132,1499,1.00,0.015,0.012
b[22],-1.57,0.48,-2.3,-0.78,1190,2123,1.00,0.014,0.011
b[23],0.36,0.79,-0.77,1.7,2095,2063,1.00,0.018,0.017
b[24],-1.62,0.46,-2.3,-0.84,1305,2011,1.00,0.013,0.0096
b[25],1.26,0.76,0.23,2.6,2138,2116,1.00,0.018,0.019
b[26],0.25,0.55,-0.55,1.2,1494,1721,1.00,0.015,0.015
b[27],-0.58,0.45,-1.3,0.13,1512,1999,1.00,0.011,0.0082
b[28],-0.04,0.48,-0.79,0.69,1284,1659,1.00,0.014,0.011
b[29],2.18,0.98,0.88,3.9,2510,2241,1.00,0.021,0.018
b[30],1.94,1,0.52,3.7,2974,2587,1.00,0.019,0.015
b[31],2.17,0.97,0.85,3.9,2500,2422,1.00,0.02,0.016
b[32],2.99,1.12,1.4,4.9,3042,2342,1.00,0.021,0.017
b[33],-1.58,0.47,-2.3,-0.82,1480,1844,1.00,0.012,0.0086
b[34],1.72,0.84,0.55,3.2,2496,2083,1.00,0.018,0.014
b[35],-1.05,0.5,-1.8,-0.24,1484,2046,1.00,0.013,0.0095
b[36],-2.14,0.46,-2.8,-1.4,1169,1793,1.00,0.013,0.011
b[37],1.68,0.93,0.39,3.3,2609,2445,1.00,0.019,0.016
b[38],1.64,0.89,0.42,3.2,2713,2209,1.00,0.018,0.016
b[39],1.31,0.79,0.26,2.8,2715,2367,1.00,0.016,0.014
b[40],0.88,0.66,-0.024,2.1,1855,1929,1.00,0.016,0.016
b[41],2.7,1.05,1.2,4.5,3543,2494,1.00,0.019,0.014
b[42],-0.04,0.5,-0.8,0.78,1427,1536,1.00,0.013,0.012
b[43],2.15,0.92,0.89,3.8,2448,2119,1.00,0.02,0.017
b[44],-1.25,0.53,-2,-0.37,1521,2044,1.00,0.013,0.01
b[45],-0.58,0.45,-1.3,0.14,1447,1902,1.00,0.012,0.0083
b[46],0.55,0.61,-0.29,1.6,1659,1791,1.00,0.015,0.017
b[47],-0.58,0.45,-1.3,0.13,1760,2121,1.00,0.011,0.0082
b[48],-0.03,0.5,-0.8,0.75,1434,1891,1.00,0.013,0.011
b[49],3.01,1.18,1.3,5.1,3422,2478,1.00,0.021,0.017
b[50],2.15,0.94,0.87,3.9,2292,2327,1.00,0.02,0.016
b[51],2.17,0.97,0.85,4,2979,2500,1.00,0.019,0.017
b[52],2.98,1.14,1.4,5,3837,2661,1.00,0.019,0.014
b[53],-0.83,0.49,-1.6,-0.036,1468,2125,1.00,0.013,0.0097
b[54],2.2,0.98,0.9,3.9,2303,1979,1.00,0.022,0.021
b[55],-1.21,0.46,-1.9,-0.46,1279,2084,1.00,0.013,0.0091
b[56],-2.53,0.74,-3.7,-1.3,2145,2157,1.00,0.016,0.013
b[57],2.98,1.14,1.4,5,3360,2616,1.00,0.021,0.016
b[58],0.87,0.67,-0.029,2.1,2192,2211,1.00,0.015,0.013
b[59],3.02,1.18,1.4,5.1,2959,2468,1.00,0.022,0.016
b[60],2.21,0.97,0.88,4,2259,2267,1.00,0.022,0.018
b[61],3.04,1.17,1.4,5.1,3163,2450,1.00,0.022,0.017
b[62],1.64,0.83,0.56,3.1,2537,2176,1.00,0.017,0.016
b[63],2.97,1.15,1.4,4.9,3409,2668,1.00,0.02,0.016
b[64],-1.56,0.48,-2.3,-0.76,1304,1946,1.00,0.013,0.0095
b[65],1.26,0.75,0.23,2.6,2593,2423,1.00,0.015,0.014
b[66],-1.19,0.47,-1.9,-0.43,1324,1887,1.00,0.013,0.009
b[67],0.79,0.76,-0.29,2.1,2409,2471,1.00,0.016,0.015
b[68],-0.16,0.61,-1,0.83,1733,2137,1.00,0.015,0.013
b[69],-0.92,0.59,-1.8,0.01,1909,1909,1.00,0.014,0.012
b[70],-2.51,0.44,-3.2,-1.8,1025,1498,1.00,0.014,0.011
b[71],1.72,0.87,0.55,3.2,2884,2560,1.00,0.017,0.015
b[72],0.27,0.57,-0.53,1.2,1508,1714,1.00,0.016,0.017
b[73],-1.05,0.88,-2.4,0.37,2702,2324,1.00,0.017,0.015
b[74],0.59,0.62,-0.28,1.7,1827,2100,1.00,0.015,0.015
b[75],0.86,0.64,-0.023,2,2065,1963,1.00,0.014,0.013
b[76],2.97,1.14,1.4,5,3036,2344,1.00,0.022,0.016
b[77],1.08,1.01,-0.37,2.9,3070,2221,1.00,0.019,0.016
b[78],-1.05,0.5,-1.8,-0.24,1546,1759,1.00,0.013,0.0098
b[79],1.22,0.83,0.052,2.7,2941,2291,1.00,0.016,0.014
b[80],1.7,0.87,0.54,3.2,1791,1814,1.00,0.022,0.021
b[81],0.11,0.64,-0.81,1.2,1872,2094,1.00,0.015,0.013
b[82],-0.56,0.66,-1.5,0.54,2267,2125,1.00,0.014,0.012
b[83],0.25,0.55,-0.56,1.2,1601,1957,1.00,0.014,0.012
b[84],1.67,0.94,0.39,3.3,2125,1807,1.00,0.021,0.018
b[85],1.38,0.99,-0.027,3,2862,2111,1.00,0.02,0.017
b[86],1.31,0.8,0.26,2.7,1710,1667,1.00,0.021,0.02
b[87],0.26,0.55,-0.55,1.2,1793,2235,1.00,0.013,0.011
b[88],2.98,1.14,1.4,5,3279,2611,1.00,0.021,0.016
b[89],2.19,0.97,0.88,3.9,2549,2092,1.00,0.021,0.018
b[90],1.29,0.8,0.26,2.6,1789,1238,1.00,0.021,0.021
b[91],3,1.19,1.4,5.1,3321,2435,1.00,0.022,0.019
b[92],1.26,0.76,0.23,2.6,2185,2201,1.00,0.017,0.017
b[93],1.31,0.8,0.24,2.7,1818,1877,1.00,0.02,0.021
